,Artist,Genre,Link
0,rihanna,Pop,https://www.youtube.com/embed/HL1UzIK-flA
2,rihanna,Pop,https://www.youtube.com/embed/B3eAMGXFw1o
4,rihanna,R&amp;B;,https://www.youtube.com/embed/Ao8cGLIMtvg
6,rihanna,Pop,https://www.youtube.com/embed/kt0g4dWxEBo
8,rihanna,R&amp;B;,www.youtube.com/embed/b-3BI9AspYc
10,rihanna,R&amp;B;,www.youtube.com/embed/ehcVomMexkY
12,rihanna,Pop,http://www.youtube.com/embed/JF8BRvqGCNs
14,rihanna,Pop,http://www.youtube.com/embed/lWA2pjMjpBs
16,rihanna,Rock,http://www.youtube.com/embed/1Uw6ZkbsAH8
18,rihanna,R&amp;B;,http://www.youtube.com/embed/HBxt_v0WF6Y
20,rihanna,Live,http://www.youtube.com/embed/6equ0n89xzo
22,rihanna,Pop,http://www.youtube.com/embed/b3HeLs8Yosw
24,rihanna,R&amp;B;,http://www.youtube.com/embed/tg00YEETFzg
26,rihanna,R&amp;B;,http://www.youtube.com/embed/ZR0v0i63PQ4
28,rihanna,Live,http://www.youtube.com/embed/oP6ITBMX8-c
30,rihanna,R&amp;B;,http://www.youtube.com/embed/sEhy-RXkNo0
32,rihanna,Live,http://www.youtube.com/embed/IaTMIDAvuLU
34,rihanna,R&amp;B;,http://www.youtube.com/embed/nhBorPm6JjQ?rel=0
36,rihanna,R&amp;B;,http://www.youtube.com/embed/KdS6HFQ_LUc?rel=0
74,justin-bieber,Pop,https://www.youtube.com/embed/PfGaX8G0f2E
76,justin-bieber,Pop,https://www.youtube.com/embed/fRh_vgS2dFE
78,justin-bieber,Pop,https://www.youtube.com/embed/DK_0jXPuIr0
80,justin-bieber,Pop,www.youtube.com/embed/47YClVMlthI
82,justin-bieber,Pop,www.youtube.com/embed/JC2yu2a9sHk
84,justin-bieber,Pop,http://www.youtube.com/embed/OmliBRZUxnk
86,justin-bieber,Live,http://www.youtube.com/embed/VkvQNumePRQ
88,justin-bieber,Pop,http://www.youtube.com/embed/Ys7-6_t7OEQ
90,justin-bieber,Pop,http://www.youtube.com/embed/R4em3LKQCAQ
92,justin-bieber,Pop,http://www.youtube.com/embed/4GuqB1BQVr4
94,justin-bieber,Pop,http://www.youtube.com/embed/nAI_xI9wQnE
96,justin-bieber,Pop,http://www.youtube.com/embed/fGFNmEOntFA
98,justin-bieber,Pop,http://www.youtube.com/embed/b_4rdHIMDfk
100,justin-bieber,Pop,http://www.youtube.com/embed/MB3TCiA1rgI
102,justin-bieber,Pop,http://www.youtube.com/embed/LUjn3RpkcKY
104,justin-bieber,Pop,http://www.youtube.com/embed/p5Jw-T4dVss?rel=0
105,justin-bieber,Live,http://www.youtube.com/embed/IWIwRg9CKu8?rel=0
106,justin-bieber,Pop,http://www.youtube.com/embed/eGmudzcq6M8?rel=0
107,justin-bieber,Pop,http://www.youtube.com/embed/o9tJW9MDs2M?rel=0
142,selena-gomez,Pop,https://www.youtube.com/embed/FMlcn-_jpWY
144,selena-gomez,Pop,https://www.youtube.com/embed/9h30Bx4Klxg
146,selena-gomez,Pop,https://www.youtube.com/embed/1TsVjvEkc4s
148,selena-gomez,Pop,www.youtube.com/embed/ij_0p_6qTss
150,selena-gomez,Pop,www.youtube.com/embed/Z8eXaXoUJRQ
152,selena-gomez,Pop,http://www.youtube.com/embed/n-D1EB74Ckg
154,selena-gomez,Live,http://www.youtube.com/embed/E0-KrlRjh-M
156,selena-gomez,Pop,http://www.youtube.com/embed/KftpUbScl6M
158,selena-gomez,Pop,http://www.youtube.com/embed/8c2ahBlTPz0
160,selena-gomez,Pop,http://www.youtube.com/embed/EgT_us6AsDg
162,selena-gomez,Pop,www.youtube.com/embed/77OsmZ8ihDs
163,selena-gomez,Latin,http://www.youtube.com/embed/vaoPovB40dQ?rel=0
164,selena-gomez,Pop,www.youtube.com/embed/M8uPvX2te0I
166,selena-gomez,Pop,www.youtube.com/embed/UfcvO2t8Ntg?feature=player_embedded
167,selena-gomez,Pop,www.youtube.com/embed/a_YR4dKArgo?feature=player_embedded
168,selena-gomez,Pop,www.youtube.com/embed/o0avDwfyXb8?feature=player_embedded
196,chris-brown,R&amp;B;,https://www.youtube.com/embed/fnHbUerD7Ts
198,chris-brown,R&amp;B;,https://www.youtube.com/embed/O5spyXNcauQ
200,chris-brown,R&amp;B;,https://www.youtube.com/embed/OQLuhelCaDQ
202,chris-brown,R&amp;B;,https://www.youtube.com/embed/IrgqUZaeRuc
204,chris-brown,R&amp;B;,https://www.youtube.com/embed/KAfOI37aK4A
206,chris-brown,Hip-Hop,https://www.youtube.com/embed/H5VVzbVHA7U
208,chris-brown,Electronic,https://www.youtube.com/embed/j3CaHeakZF4
210,chris-brown,Hip-Hop,https://www.youtube.com/embed/zKCrSN9oXgQ
212,chris-brown,R&amp;B;,www.youtube.com/embed/undkbBJLa-Y
214,chris-brown,R&amp;B;,www.youtube.com/embed/HwctEiWLe84
216,chris-brown,R&amp;B;,www.youtube.com/embed/JXRN_LkCa_o
218,chris-brown,R&amp;B;,www.youtube.com/embed/Tff2oE31Mlw
220,chris-brown,R&amp;B;,http://www.youtube.com/embed/wnUD7T5hQAs
222,chris-brown,R&amp;B;,http://www.youtube.com/embed/iGs1gODLiSQ
224,chris-brown,R&amp;B;,http://www.youtube.com/embed/z29nI8RQV0U
226,chris-brown,R&amp;B;,http://www.youtube.com/embed/QOowQeKyNkQ
228,chris-brown,R&amp;B;,http://www.youtube.com/embed/6OwdhRHWcrA
230,chris-brown,R&amp;B;,http://www.youtube.com/embed/CJ6Po7fivdk
232,chris-brown,R&amp;B;,http://www.youtube.com/embed/eQWG8BVeryU
234,chris-brown,R&amp;B;,http://www.youtube.com/embed/5SUC8vTEYYg
276,charles-kelley,Country,https://www.youtube.com/embed/Fy15IulKtjw
280,drake,Hip-Hop,https://www.youtube.com/embed/7LnBvuzjpr4
282,drake,Hip-Hop,www.youtube.com/embed/CccnAvfLPvE
284,drake,Hip-Hop,www.youtube.com/embed/GxgqpCdOKak
286,drake,Hip-Hop,http://www.youtube.com/embed/RubBzkZzpUA
288,drake,Hip-Hop,http://www.youtube.com/embed/comnDpYeBV4
290,drake,Hip-Hop,http://www.youtube.com/embed/0KCWqnldEag
292,drake,Hip-Hop,http://www.youtube.com/embed/-zzP29emgpg
294,drake,Hip-Hop,http://www.youtube.com/embed/j5Z3KUOrhS0
296,drake,R&amp;B;,http://www.youtube.com/embed/eS-y2R9cmnQ
298,drake,Hip-Hop,http://www.youtube.com/embed/BYDKK95cpfM
300,drake,Hip-Hop,http://www.youtube.com/embed/cimoNqiulUE
302,drake,Hip-Hop,www.youtube.com/embed/TRLSQDCkcaA
303,drake,Hip-Hop,http://www.youtube.com/v/2lTB1pIg1y0&amp;hl=ja_JP&amp;fs=1&amp;rel=0
328,beyonce,Pop,https://www.youtube.com/embed/LrCHz1gwzTo
330,beyonce,R&amp;B;,www.youtube.com/embed/x4pPNxUzGvc
332,beyonce,Pop,www.youtube.com/embed/K4r4lysSgLE
334,beyonce,Pop,www.youtube.com/embed/OSAOsm1u-OE
336,beyonce,Pop,www.youtube.com/embed/jcF5HtGvX5I
338,beyonce,Pop,www.youtube.com/embed/IDvu1ehPq0g
340,beyonce,Live,www.youtube.com/embed/56qgO0C82vY
342,beyonce,Live,www.youtube.com/embed/rmfmdKOLzVI
344,beyonce,R&amp;B;,www.youtube.com/embed/LXXQLa-5n5w
346,beyonce,R&amp;B;,www.youtube.com/embed/pZ12_E5R3qc
348,beyonce,R&amp;B;,www.youtube.com/embed/ag0hsUf9V7Q
350,beyonce,R&amp;B;,www.youtube.com/embed/p1JPKLa-Ofc
352,beyonce,R&amp;B;,www.youtube.com/embed/3xUfCUFPL-8
354,beyonce,Live,www.youtube.com/embed/RaXbRWMdAB0
356,beyonce,R&amp;B;,http://www.youtube.com/embed/i41qWJ6QjPI
358,beyonce,R&amp;B;,http://www.youtube.com/embed/ByLJstEo0fo
360,beyonce,R&amp;B;,http://www.youtube.com/embed/nnReaaJwloI
362,beyonce,R&amp;B;,http://www.youtube.com/embed/PGc9n6BiWXA
364,beyonce,R&amp;B;,http://www.youtube.com/embed/OJBfv9CHlcw
366,beyonce,R&amp;B;,http://www.youtube.com/embed/XWCwc1_sYMY
408,fifth-harmony,Pop,https://www.youtube.com/embed/5GL9JoH4Sws
410,fifth-harmony,Pop,https://www.youtube.com/embed/xlkFTxnizyk
412,fifth-harmony,Pop,https://www.youtube.com/embed/YBHQbu5rbdQ
414,fifth-harmony,Pop,www.youtube.com/embed/9vu4AN2bc-M
416,fifth-harmony,Pop,www.youtube.com/embed/gCJ3rmiZFr8
418,fifth-harmony,Pop,www.youtube.com/embed/Y4JfPlry-iQ
420,fifth-harmony,Pop,www.youtube.com/embed/FvSJmY493Ho
422,fifth-harmony,Pop,www.youtube.com/embed/Qti2X20w_gA
440,one-direction,Pop,https://www.youtube.com/embed/Ho32Oh6b4jc
442,one-direction,Pop,https://www.youtube.com/embed/Jwgf3wmiA04
444,one-direction,Pop,www.youtube.com/embed/syFZfO_wfMQ
446,one-direction,Pop,www.youtube.com/embed/UpsKGvPjAgw
448,one-direction,Pop,www.youtube.com/embed/_kqQDCxRCzM
450,one-direction,Pop,www.youtube.com/embed/bkx9kCdaaMg
452,one-direction,Pop,www.youtube.com/embed/W-TE_Ys4iwM
454,one-direction,Pop,www.youtube.com/embed/o_v9MY_FMcw
456,one-direction,Pop,http://www.youtube.com/embed/36mCEZzzQ3o
458,one-direction,Pop,http://www.youtube.com/embed/T4cdfRohhcg
460,one-direction,Pop,http://www.youtube.com/embed/xGPeNN9S0Fg
462,one-direction,Pop,http://www.youtube.com/embed/AbPED9bisSc
464,one-direction,Pop,http://www.youtube.com/embed/b-RQIN3wo5U
466,one-direction,Live,http://www.youtube.com/embed/lFjkKYJkgDo
468,one-direction,Pop,http://www.youtube.com/embed/QJO3ROT-A4E
470,one-direction,Pop,http://www.youtube.com/embed/Y1xs_xPb46M
472,one-direction,Pop,http://www.youtube.com/embed/EDv7efxb4No
474,one-direction,Pop,http://www.youtube.com/embed/nvfejaHz-o0
512,sia,Live,https://www.youtube.com/embed/t6cQ4PeD3lM
514,sia,Pop,https://www.youtube.com/embed/t2NgsJrrAyM
516,sia,Pop,https://www.youtube.com/embed/fNdeLSKSZ1M
518,sia,Alternative,https://www.youtube.com/embed/4NhKWZpkw1Q
520,sia,Pop,www.youtube.com/embed/KWZGAExj-es
522,sia,Pop,www.youtube.com/embed/IKjJ6DQF7xY
524,sia,Pop,www.youtube.com/embed/2vjPBrBU-TM
526,sia,Pop,http://www.youtube.com/embed/hr1bTNFjec8
527,sia,Pop,www.youtube.com/embed/MHdcPlfwmkg
544,adele,Pop,https://www.youtube.com/embed/DDWKuo3gXMQ
546,adele,Pop,https://www.youtube.com/embed/YQHsXMglC9A
548,adele,Pop,http://www.youtube.com/embed/bsFCO8-oCEQ
550,adele,Pop,http://www.youtube.com/embed/Ri7-vnrJD3k
552,adele,Pop,http://www.youtube.com/embed/5Oio8V3e3WU
554,adele,Pop,http://www.youtube.com/embed/hLQl3WQQoQ0
556,adele,Live,http://www.youtube.com/embed/p9KR_oho8a8?rel=0
557,adele,Live,http://www.youtube.com/embed/NAc83CF8Ejk
558,adele,Pop,http://www.youtube.com/embed/rYEDA3JcQqw?rel=0
559,adele,Pop,http://www.youtube.com/embed/lazyDlfaptM?rel=0
560,adele,Pop,https://www.youtube.com/embed/BW9Fzwuf43c
561,adele,Pop,https://www.youtube.com/embed/0put0_a--Ng
563,adele,Pop,https://www.youtube.com/embed/jXG0YMv5Fvk?feature=player_embedded
564,adele,Pop,https://www.youtube.com/embed/uGwH-x4VoH8
565,adele,Pop,https://www.youtube.com/embed/08DjMT-qR9g
588,miranda-lambert,Country,https://www.youtube.com/embed/TQK0d72Jom8
590,miranda-lambert,Live,https://www.youtube.com/embed/uMuIJXcTsVA
592,miranda-lambert,Country,www.youtube.com/embed/o4Yzj-m_SBk
594,miranda-lambert,Country,www.youtube.com/embed/2ksWKOy665o
596,miranda-lambert,Country,www.youtube.com/embed/dlFEJ-Ctpjc
598,miranda-lambert,Country,http://www.youtube.com/embed/7yg05svXp98
600,miranda-lambert,Country,http://www.youtube.com/embed/EbaEVA259IE
602,miranda-lambert,Country,http://www.youtube.com/embed/3Y2icHOgC5U
604,miranda-lambert,Country,http://www.youtube.com/embed/DQYNM6SjD_o
622,twenty-one-pilots,Alternative,https://www.youtube.com/embed/ywvRgGAd2XI
624,twenty-one-pilots,Alternative,https://www.youtube.com/embed/Pw-0pbY9JeU
626,twenty-one-pilots,Alternative,https://www.youtube.com/embed/pXRviuL6vMY
628,twenty-one-pilots,Alternative,https://www.youtube.com/embed/nky4me4NP70
630,twenty-one-pilots,Alternative,https://www.youtube.com/embed/HDI9inno86U
632,twenty-one-pilots,Alternative,www.youtube.com/embed/2OnO3UXFZdE
634,twenty-one-pilots,Rock,www.youtube.com/embed/eCeBNwBUkcI
636,twenty-one-pilots,Rock,www.youtube.com/embed/mDyxykpYeu8
638,twenty-one-pilots,Rock,http://www.youtube.com/embed/92XVwY54h5k
640,twenty-one-pilots,Rock,http://www.youtube.com/embed/Pmv8aQKO6k0
642,twenty-one-pilots,Rock,http://www.youtube.com/embed/ktBMxkLUIwY
666,taylor-swift,Pop,https://www.youtube.com/embed/JLf9q36UsBk
668,taylor-swift,Pop,https://www.youtube.com/embed/IdneKLhsWOQ
670,taylor-swift,Pop,https://www.youtube.com/embed/QcIy9NiNbmo
672,taylor-swift,Pop,https://www.youtube.com/embed/-CmadmM5cOk
674,taylor-swift,Pop,www.youtube.com/embed/e-ORhEE9VVg
676,taylor-swift,Pop,www.youtube.com/embed/nfWlot6h_JM
678,taylor-swift,Country,www.youtube.com/embed/QuijXg8wm28
680,taylor-swift,Country,www.youtube.com/embed/Zlot0i3Zykw
682,taylor-swift,Country,http://www.youtube.com/embed/w1oM3kQpXRo
684,taylor-swift,Country,http://www.youtube.com/embed/AgFeZr5ptV8
686,taylor-swift,Live,http://www.youtube.com/embed/2obMo7y-rvA
688,taylor-swift,Country,http://www.youtube.com/embed/vNoKguSdy4Y
690,taylor-swift,Country,http://www.youtube.com/embed/cMPEd8m79Hw
692,taylor-swift,Country,http://www.youtube.com/embed/WA4iX5D9Z64
694,taylor-swift,Country,http://www.youtube.com/embed/RzhAS_GnJIc
696,taylor-swift,Country,http://www.youtube.com/embed/LZ34LlaIk88
698,taylor-swift,Country,http://www.youtube.com/embed/oKar-tF__ac
700,taylor-swift,Country,http://www.youtube.com/embed/nN6VR92V70M?rel=0
702,taylor-swift,Country,http://www.youtube.com/embed/nN6VR92V70M
742,britney-spears,Pop,https://www.youtube.com/embed/uV2uebhnqOw
744,britney-spears,Pop,www.youtube.com/embed/_rxgp7TJhUE
746,britney-spears,Pop,www.youtube.com/embed/pt8VYOfr8To
748,britney-spears,Pop,www.youtube.com/embed/NVcSNnqRD0c
750,britney-spears,Pop,http://www.youtube.com/embed/s6b33PTbGxk
752,britney-spears,Pop,http://www.youtube.com/embed/T-sxSd1uwoU
754,britney-spears,Live,http://www.youtube.com/embed/lS2Rlo4ht5w
756,britney-spears,Pop,www.youtube.com/embed/qzU9OrZlKb8
758,britney-spears,Pop,http://www.youtube.com/embed/-Edv8Onsrgg?rel=0
759,britney-spears,Pop,http://www.youtube.com/embed/oTs6oQx1WJY
760,britney-spears,Pop,http://www.youtube.com/embed/PctD-8y0FRg
761,britney-spears,Pop,http://www.youtube.com/embed/0aEnnH6t8Ts
762,britney-spears,Pop,http://www.youtube.com/embed/lVhJ_A8XUgc
763,britney-spears,Pop,http://www.youtube.com/embed/rMqayQ-U74s
765,britney-spears,Pop,http://www.youtube.com/embed/eQFIKP9rGhQ
766,britney-spears,Pop,http://www.youtube.com/embed/b7t8l_lm-SI
767,britney-spears,Pop,http://www.youtube.com/embed/elueA2rofoo
768,britney-spears,Pop,http://www.youtube.com/embed/kBtBfGxNqpY
769,britney-spears,Pop,http://www.youtube.com/embed/dIOH8Trfas4
770,britney-spears,Pop,http://www.youtube.com/embed/8YzabSdk7ZA
800,katy-perry,Pop,www.youtube.com/embed/7RMQksXpQSk
802,katy-perry,Pop,www.youtube.com/embed/CEUg7OplvIQ
804,katy-perry,Pop,www.youtube.com/embed/0KSOMA3QBU0
806,katy-perry,Pop,www.youtube.com/embed/XjwZAa2EjKA
808,katy-perry,Pop,www.youtube.com/embed/CevxZvSJLk8
810,katy-perry,Pop,http://www.youtube.com/embed/k0BWlvnBmIE
812,katy-perry,Pop,http://www.youtube.com/embed/uuwfgXD8qV8
814,katy-perry,Pop,http://www.youtube.com/embed/Ahha3Cqe_fk
816,katy-perry,Pop,http://www.youtube.com/embed/KlyXNRrsk4A
818,katy-perry,Pop,http://www.youtube.com/embed/t5Sd5c4o9UM?rel=0
820,katy-perry,Pop,http://www.youtube.com/embed/QGJuMBdaqIw?rel=0
821,katy-perry,Pop,www.youtube.com/embed/YHROHJlU_Ng
822,katy-perry,Pop,www.youtube.com/embed/98WtmW-lfeE
824,katy-perry,Pop,www.youtube.com/embed/F57P9C4SAW4
826,katy-perry,Pop,www.youtube.com/embed/1-pUaogoX5o
828,katy-perry,Pop,www.youtube.com/embed/wdGZBRAwW74
830,katy-perry,Pop,www.youtube.com/embed/kTHNpusq654
832,katy-perry,Pop,http://www.youtube.com/embed/tAp9BKosZXs
866,michael-jackson,Pop,https://www.youtube.com/embed/Hq5KAdWJiWY
868,michael-jackson,Pop,www.youtube.com/embed/YlJvMU-5NyA
870,michael-jackson,Pop,www.youtube.com/embed/jDRTghGZ7XU
872,michael-jackson,Pop,www.youtube.com/embed/oG08ukJPtR8
874,michael-jackson,Live,http://www.youtube.com/embed/kql0ld02SS4
876,michael-jackson,Pop,http://www.youtube.com/embed/FasTWBc-Bg0
878,michael-jackson,Pop,http://www.youtube.com/embed/fx2ZmhYHxH4
880,michael-jackson,Pop,http://www.youtube.com/embed/zjGtTUfPcI4?rel=0
881,michael-jackson,Pop,http://www.youtube.com/embed/-oCCnxBos10?rel=0
882,michael-jackson,Pop,http://www.youtube.com/embed/Y6mqCwxXywk?rel=0
883,michael-jackson,Pop,http://www.youtube.com/embed/-owpIWQMd80
884,michael-jackson,Pop,http://www.youtube.com/embed/mKtdTJP_GUI
885,michael-jackson,Pop,www.youtube.com/embed/W_SLU3m6uCA
886,michael-jackson,Pop,http://www.youtube.com/embed/PivWY9wn5ps
888,michael-jackson,Pop,http://www.youtube.com/embed/Ym0hZG-zNOk
890,michael-jackson,Pop,http://www.youtube.com/embed/izS67QTVAjk
892,michael-jackson,Pop,http://www.youtube.com/embed/Zi_XLOBDo_Y
894,michael-jackson,Pop,www.youtube.com/embed/8vwHQNQ88cM
924,lil-wayne,Hip-Hop,https://www.youtube.com/embed/MKVBLu1zkog
926,lil-wayne,Hip-Hop,https://www.youtube.com/embed/_y_Xpps46Uc
928,lil-wayne,Hip-Hop,www.youtube.com/embed/5H87zMIllBo
930,lil-wayne,Hip-Hop,www.youtube.com/embed/Z-4MX11TIBw
932,lil-wayne,Hip-Hop,www.youtube.com/embed/_Nb4EHY_2bI
934,lil-wayne,Hip-Hop,http://www.youtube.com/embed/Jx2raP3P3FQ
936,lil-wayne,Hip-Hop,http://www.youtube.com/embed/KY44zvhWhp4
938,lil-wayne,Hip-Hop,http://www.youtube.com/embed/5z25pGEGBM4
940,lil-wayne,Hip-Hop,http://www.youtube.com/embed/E_yVRZMFbLc
942,lil-wayne,Hip-Hop,http://www.youtube.com/embed/OZLUa8JUR18
944,lil-wayne,Hip-Hop,http://www.youtube.com/embed/y8Gf4-eT3w0
946,lil-wayne,Hip-Hop,http://www.youtube.com/embed/3fumBcKC6RE?rel=0
948,lil-wayne,Hip-Hop,http://www.youtube.com/embed/c7tOAGY59uQ?rel=0
949,lil-wayne,Hip-Hop,www.youtube.com/embed/daRhEOkUL1o
950,lil-wayne,Hip-Hop,http://www.youtube.com/embed/CHZtMNbrmWE?rel=0
951,lil-wayne,Hip-Hop,www.youtube.com/embed/oPUMWf4cjV4
952,lil-wayne,Hip-Hop,www.youtube.com/embed/RfYcOYMNuXM
954,lil-wayne,Hip-Hop,www.youtube.com/embed/GLdk8NXEQuw
956,lil-wayne,Hip-Hop,www.youtube.com/embed/6ZHpLyas01A
957,lil-wayne,Hip-Hop,www.youtube.com/embed/ErCAOMi5EGM
992,eminem,Hip-Hop,https://www.youtube.com/embed/oeCihv9A3ac
994,eminem,Hip-Hop,www.youtube.com/embed/hCdgDxQbW_U
996,eminem,Hip-Hop,www.youtube.com/embed/0AqnCSdkjQ0
998,eminem,Hip-Hop,www.youtube.com/embed/ygzRDayKxTk
1000,eminem,Hip-Hop,www.youtube.com/embed/7bDLIV96LD4
1002,eminem,Hip-Hop,www.youtube.com/embed/EHkozMIXZ8w
1004,eminem,Hip-Hop,www.youtube.com/embed/XbGs_qK2PQA
1006,eminem,Hip-Hop,www.youtube.com/embed/NlmezywdxPI
1008,eminem,Hip-Hop,www.youtube.com/embed/ab9176Srb5Y
1010,eminem,Hip-Hop,http://www.youtube.com/embed/JByDbPn6A1o
1012,eminem,Hip-Hop,www.youtube.com/embed/KV2ssT8lzj8
1014,eminem,Hip-Hop,www.youtube.com/embed/uelHwf8o7_U
1016,eminem,Hip-Hop,www.youtube.com/embed/j5-yKhDd64s
1017,eminem,Hip-Hop,www.youtube.com/embed/lgT1AidzRWM
1019,eminem,Hip-Hop,www.youtube.com/embed/mwjCajzDYzI
1021,eminem,Hip-Hop,www.youtube.com/embed/hAuo8IOFNuE
1022,eminem,Hip-Hop,www.youtube.com/embed/RSdKmX2BH7o
1024,eminem,Hip-Hop,www.youtube.com/embed/WrjwGPb0Hvw
1025,eminem,Hip-Hop,www.youtube.com/embed/ngH0fkiNo-g
1060,5-seconds-of-summer,Pop,https://www.youtube.com/embed/K0X7u_mmREE
1062,5-seconds-of-summer,Pop,https://www.youtube.com/embed/xPGbvv4IhNU
1064,5-seconds-of-summer,Pop,https://www.youtube.com/embed/WFz1gCZSmdE
1066,5-seconds-of-summer,Pop,www.youtube.com/embed/zJnU3bJ-QWQ
1068,5-seconds-of-summer,Pop,www.youtube.com/embed/0FfG_5JBVBQ
1070,5-seconds-of-summer,Pop,www.youtube.com/embed/DCCJCILiX3o
1072,5-seconds-of-summer,Pop,www.youtube.com/embed/MKfzMOC19Fc
1074,5-seconds-of-summer,Pop,www.youtube.com/embed/X2BYmmTI04I
1092,chris-young,Country,https://www.youtube.com/embed/hxcmik9Rs40
1094,chris-young,Country,www.youtube.com/embed/DBaQBKY8wfA
1096,chris-young,Country,www.youtube.com/embed/Je_24df8BZs
1098,chris-young,Country,www.youtube.com/embed/8zO6Wnmp1DU
1100,chris-young,Country,http://www.youtube.com/embed/il3a7iM8NHM
1102,chris-young,Country,http://www.youtube.com/embed/J0EtpEdZWZY
1116,jason-aldean,Country,https://www.youtube.com/embed/zsM8GD2Q4nU
1118,jason-aldean,Country,www.youtube.com/embed/xdImDqbgc2g
1120,jason-aldean,Country,www.youtube.com/embed/a89hagSQtRg
1122,jason-aldean,Country,www.youtube.com/embed/-PLgUlRVLZE
1124,jason-aldean,Live,http://www.youtube.com/embed/kqcwbGV6cjI
1126,jason-aldean,Country,http://www.youtube.com/embed/vp9l5Ncqtqs
1128,jason-aldean,Country,www.youtube.com/embed/x7hzsnmYlXA
1144,fetty-wap,Hip-Hop,https://www.youtube.com/embed/YS-5oD2Y4Wk
1146,fetty-wap,Hip-Hop,https://www.youtube.com/embed/i_kF4zLNKio
1152,jennifer-lopez,Pop,https://www.youtube.com/embed/9fdAt0ke9w8
1154,jennifer-lopez,Pop,www.youtube.com/embed/nxtIRArhVD4
1156,jennifer-lopez,Pop,www.youtube.com/embed/BfgoiYu9EUE
1158,jennifer-lopez,Pop,www.youtube.com/embed/c4oiEhf9M04
1160,jennifer-lopez,Pop,www.youtube.com/embed/s3T2A7xJgZs
1162,jennifer-lopez,Pop,http://www.youtube.com/embed/BofL1AaiTjo
1164,jennifer-lopez,Pop,http://www.youtube.com/embed/z5W7DVFKrcs
1166,jennifer-lopez,Pop,http://www.youtube.com/embed/bjgFH01k0gU
1168,jennifer-lopez,Pop,http://www.youtube.com/embed/6XbIuSLaCnk
1170,jennifer-lopez,Pop,http://www.youtube.com/embed/gi2AU-R1COQ?rel=0
1172,jennifer-lopez,Pop,http://www.youtube.com/embed/IgLcQmlN2Xg?rel=0
1174,jennifer-lopez,Pop,http://www.youtube.com/embed/t4H_Zoh7G5A?rel=0
1198,nicki-minaj,Hip-Hop,https://www.youtube.com/embed/IvN5h9BE444
1200,nicki-minaj,R&amp;B;,www.youtube.com/embed/qk7DT43hwFw
1202,nicki-minaj,Hip-Hop,www.youtube.com/embed/zXtsGAkyeIo
1204,nicki-minaj,Pop,www.youtube.com/embed/0HDdjwpPM3Y
1206,nicki-minaj,Hip-Hop,www.youtube.com/embed/LDZX4ooRsWs
1208,nicki-minaj,Hip-Hop,www.youtube.com/embed/f7ld-3nZUxA
1210,nicki-minaj,Hip-Hop,www.youtube.com/embed/2mwNbTL3pOs
1212,nicki-minaj,Hip-Hop,http://www.youtube.com/embed/RnpyRe_7jZA
1214,nicki-minaj,Hip-Hop,http://www.youtube.com/embed/54zpFh0KuK0
1216,nicki-minaj,Hip-Hop,http://www.youtube.com/embed/3U72hzeBLOw
1218,nicki-minaj,Hip-Hop,http://www.youtube.com/embed/kXFcr6oy5dk
1220,nicki-minaj,Hip-Hop,http://www.youtube.com/embed/LW9rITLjKz8
1222,nicki-minaj,Hip-Hop,http://www.youtube.com/embed/vdrqA93sW-8
1224,nicki-minaj,Hip-Hop,http://www.youtube.com/embed/he3DJLXbebI
1226,nicki-minaj,Hip-Hop,http://www.youtube.com/embed/SeIJmciN8mo
1228,nicki-minaj,Hip-Hop,http://www.youtube.com/embed/EmZvOhHF85I
1230,nicki-minaj,Hip-Hop,http://www.youtube.com/embed/T6j4f8cHBIM
1232,nicki-minaj,Hip-Hop,http://www.youtube.com/embed/3n71KUiWn1I
1270,luke-bryan,Country,https://www.youtube.com/embed/G2BWyY4B36Y
1272,luke-bryan,Country,https://www.youtube.com/embed/u9OKO1pyOlk
1274,luke-bryan,Country,www.youtube.com/embed/AxVKTwAkv1k
1276,luke-bryan,Country,www.youtube.com/embed/ALV-QtDFpSw
1278,luke-bryan,Country,www.youtube.com/embed/Zm2kDrSct0M
1280,luke-bryan,Country,www.youtube.com/embed/RM5aW83L_DE
1282,luke-bryan,Country,www.youtube.com/embed/crCqWK3SmRo
1284,luke-bryan,Country,http://www.youtube.com/embed/1WEpLzsdEeY
1286,luke-bryan,Country,www.youtube.com/embed/Kw-NDIoCDsA
1288,luke-bryan,Country,http://www.youtube.com/embed/a5M_rT89kxY
1290,luke-bryan,Country,http://www.youtube.com/embed/ggVbzqmBvp8
1292,luke-bryan,Country,http://www.youtube.com/embed/-jEDdFm3Nx0
1318,meghan-trainor,Pop,https://www.youtube.com/embed/pkCyfBibIbI
1320,meghan-trainor,Pop,https://www.youtube.com/embed/2-MBfn8XjIU
1322,meghan-trainor,Pop,https://www.youtube.com/embed/ShlW5plD_40
1324,meghan-trainor,Pop,www.youtube.com/embed/qDc_5zpBj7s
1326,meghan-trainor,Pop,www.youtube.com/embed/7PCkvCPvDXk
1338,ariana-grande,Pop,https://www.youtube.com/embed/lf_wVfwpfp8
1340,ariana-grande,Pop,https://www.youtube.com/embed/Z8SYtmvEI9U
1342,ariana-grande,Pop,https://www.youtube.com/embed/BPgEgaPk62M
1344,ariana-grande,Pop,www.youtube.com/embed/nlR0MkrRklg
1346,ariana-grande,Pop,www.youtube.com/embed/g5qU7p7yOY8
1348,ariana-grande,Live,www.youtube.com/embed/iiNDrKcUAsQ
1352,ariana-grande,Pop,www.youtube.com/embed/L8eRzOYhLuw
1354,ariana-grande,Pop,www.youtube.com/embed/iS1g8G_njx8
1356,ariana-grande,Live,www.youtube.com/embed/E29B1akpu5E
1358,ariana-grande,Pop,www.youtube.com/embed/fhcpubAVdmc
1360,ariana-grande,Pop,www.youtube.com/embed/bJuWlMFToNo
1362,ariana-grande,Pop,www.youtube.com/embed/b87dBaL4qI0
1364,ariana-grande,Pop,http://www.youtube.com/embed/_sV0S8qWSy0
1366,ariana-grande,Pop,http://www.youtube.com/embed/CC1cWrxk_mI
1398,calvin-harris,Electronic,https://www.youtube.com/embed/EgqUJOudrcM
1400,calvin-harris,Electronic,https://www.youtube.com/embed/8FOBxcluXdk
1402,calvin-harris,Electronic,www.youtube.com/embed/J9NQFACZYEU
1404,calvin-harris,Electronic,www.youtube.com/embed/zVzhpkFBFP8
1406,calvin-harris,Electronic,www.youtube.com/embed/no1YHRhFr5A
1408,calvin-harris,Electronic,www.youtube.com/embed/6ACl8s_tBzE
1410,calvin-harris,Electronic,www.youtube.com/embed/ebXbLfLACGM
1412,calvin-harris,Electronic,www.youtube.com/embed/yZqmarGShxg
1414,calvin-harris,Electronic,www.youtube.com/embed/cl3b7dDBLpo
1416,calvin-harris,Electronic,http://www.youtube.com/embed/AtKZKl7Bgu0
1418,calvin-harris,Electronic,http://www.youtube.com/embed/uztCqjxrkjQ
1420,calvin-harris,Electronic,http://www.youtube.com/embed/17ozSeGw-fY
1422,calvin-harris,Electronic,http://www.youtube.com/embed/kPC_evpbwDM
1424,calvin-harris,Electronic,http://www.youtube.com/embed/LYZ6gXWZfZM
1426,calvin-harris,Electronic,http://www.youtube.com/embed/dGghkjpNCQ8
1428,calvin-harris,Electronic,www.youtube.com/embed/ooZwmeUfuXg
1430,calvin-harris,Pop,www.youtube.com/embed/mf58RAPR8Ws
1432,calvin-harris,Pop,www.youtube.com/embed/D2_qw8O5lf0
1434,calvin-harris,Pop,www.youtube.com/embed/XO4msvIA7cw
1436,calvin-harris,Pop,www.youtube.com/embed/a8TPXFoXO5A
1478,enrique-iglesias,Latin,https://www.youtube.com/embed/oOyx3yFANXA
1480,enrique-iglesias,Latin,https://www.youtube.com/embed/hXI8RQYC36Q
1482,enrique-iglesias,Latin,https://www.youtube.com/embed/m3We7p78XTo
1484,enrique-iglesias,Pop,https://www.youtube.com/embed/HfszInbOhd8
1486,enrique-iglesias,Latin,www.youtube.com/embed/NUsoVlDFqZg
1488,enrique-iglesias,Pop,www.youtube.com/embed/YUiVIPgJA0o
1490,enrique-iglesias,Latin,www.youtube.com/embed/tLcfAnN2QgY
1492,enrique-iglesias,Pop,www.youtube.com/embed/sC2nElyx7Ds
1494,enrique-iglesias,Latin,www.youtube.com/embed/BnFQXwcLv68
1496,enrique-iglesias,Latin,www.youtube.com/embed/RSyUWjftHrs
1498,enrique-iglesias,Pop,www.youtube.com/embed/mHxOltrMfX8
1500,enrique-iglesias,Latin,http://www.youtube.com/embed/Ccym56KY_sE
1502,enrique-iglesias,Pop,http://www.youtube.com/embed/f_EiqPp-vBM
1504,enrique-iglesias,Pop,http://www.youtube.com/embed/wFz1F438490
1506,enrique-iglesias,Pop,http://www.youtube.com/embed/klk8QPcfFYQ
1508,enrique-iglesias,Latin,http://www.youtube.com/embed/ak4YJjkdFRY
1510,enrique-iglesias,Pop,http://www.youtube.com/embed/vHJAUuicC0Q
1512,enrique-iglesias,Pop,http://www.youtube.com/embed/Jx2yQejrrUE?rel=0
1513,enrique-iglesias,Latin,http://www.youtube.com/embed/zyqt2avPkoA?rel=0
1514,enrique-iglesias,Pop,www.youtube.com/embed/NVk4vENObiI
1552,prince,Rock,www.youtube.com/embed/c1wsn4ug0tc
1554,prince,R&amp;B;,www.youtube.com/embed/GHbyNrGXpAA
1560,pitbull,Pop,https://www.youtube.com/embed/zKKF_vFshMM
1562,pitbull,Pop,https://www.youtube.com/embed/YKnxtrFaq08
1564,pitbull,Pop,https://www.youtube.com/embed/jKbR7u8J5PU
1566,pitbull,Latin,https://www.youtube.com/embed/lV3YiXPdkXE
1568,pitbull,Pop,www.youtube.com/embed/bTXJQ5ql5Fw
1570,pitbull,Pop,www.youtube.com/embed/QqLs0CBNoSA
1572,pitbull,Latin,www.youtube.com/embed/zCB8Z_fO2Yo
1574,pitbull,Pop,www.youtube.com/embed/HMqgVXSvwGo
1576,pitbull,Pop,www.youtube.com/embed/TGtWWb9emYI
1578,pitbull,Pop,www.youtube.com/embed/EAyzpLGBI1E
1580,pitbull,Pop,www.youtube.com/embed/hHUbLv4ThOo
1582,pitbull,Pop,http://www.youtube.com/embed/5jlI4uzZGjU
1584,pitbull,Pop,http://www.youtube.com/embed/i0vFid2tKbI
1586,pitbull,Pop,http://www.youtube.com/embed/q5SG7U76tls
1588,pitbull,Pop,http://www.youtube.com/embed/zaSZE194D4I
1590,pitbull,Live,http://www.youtube.com/embed/4ZDKXhDXtrk
1592,pitbull,Pop,http://www.youtube.com/embed/CdXesX6mYUE
1594,pitbull,Hip-Hop,http://www.youtube.com/embed/SmM0653YvXU
1596,pitbull,Pop,www.youtube.com/embed/EPo5wWmKEaI
1598,pitbull,Latin,http://www.youtube.com/embed/0ghPCj0wWV8?rel=0
1638,carrie-underwood,Country,https://www.youtube.com/embed/eg50JGPEoo8
1640,carrie-underwood,Country,https://www.youtube.com/embed/3ealNayCkaU
1642,carrie-underwood,Country,https://www.youtube.com/embed/kxOYvI0pfLo
1644,carrie-underwood,Country,www.youtube.com/embed/mH9kYn4L8TI
1646,carrie-underwood,Country,http://www.youtube.com/embed/vTnWFT3DvVA
1648,carrie-underwood,Country,http://www.youtube.com/embed/oVEBZLrjpw4
1650,carrie-underwood,Country,http://www.youtube.com/embed/pJgoHgpsb9I
1652,carrie-underwood,Country,http://www.youtube.com/embed/7-uothzTaaQ
1654,carrie-underwood,Country,http://www.youtube.com/embed/ywtJYvDBKek
1655,carrie-underwood,Country,http://www.youtube.com/embed/oM7NQQ0Lfu4
1674,wiz-khalifa,Hip-Hop,https://www.youtube.com/embed/RgKAFK5djSk
1676,wiz-khalifa,Hip-Hop,https://www.youtube.com/embed/lGKG0mlin6A
1678,wiz-khalifa,Hip-Hop,https://www.youtube.com/embed/dYTlwhjU6f8
1680,wiz-khalifa,Hip-Hop,www.youtube.com/embed/OKHT7-TDPoQ
1682,wiz-khalifa,Hip-Hop,www.youtube.com/embed/Jw3khjPvTPw
1684,wiz-khalifa,Hip-Hop,www.youtube.com/embed/BoxkNJocqWQ
1686,wiz-khalifa,Hip-Hop,www.youtube.com/embed/KxJLYM9XOT4
1688,wiz-khalifa,Hip-Hop,www.youtube.com/embed/BaACrT6Ydik
1690,wiz-khalifa,Hip-Hop,www.youtube.com/embed/Cp0d3-MQN_w
1692,wiz-khalifa,Hip-Hop,www.youtube.com/embed/fUiZ5vz9pUw
1694,wiz-khalifa,Hip-Hop,www.youtube.com/embed/UX6K7waag5Q
1696,wiz-khalifa,Hip-Hop,www.youtube.com/embed/x8Oha-TnekE?rel=0
1698,wiz-khalifa,Hip-Hop,http://www.youtube.com/embed/jOMXMmKg74Y
1700,wiz-khalifa,Hip-Hop,http://www.youtube.com/embed/an49BTB3dvE
1702,wiz-khalifa,Hip-Hop,http://www.youtube.com/embed/g-pwilkUUto
1704,wiz-khalifa,Hip-Hop,http://www.youtube.com/embed/IJn-EHd7VeU
1706,wiz-khalifa,Hip-Hop,http://www.youtube.com/embed/jb5M3S2AkT8
1708,wiz-khalifa,Hip-Hop,http://www.youtube.com/embed/URdf7WX-nlc
1710,wiz-khalifa,Hip-Hop,http://www.youtube.com/embed/gmpuPDYeL8A
1712,wiz-khalifa,Hip-Hop,http://www.youtube.com/embed/-KCBLA-fuVw
1754,tim-mcgraw,Country,https://www.youtube.com/embed/awzNHuGqoMc
1756,tim-mcgraw,Country,www.youtube.com/embed/or-Lam5tPHc
1758,tim-mcgraw,Country,www.youtube.com/embed/TtArla7PVsM
1760,tim-mcgraw,Country,www.youtube.com/embed/bFClhxM7LY4
1762,tim-mcgraw,Country,http://www.youtube.com/embed/KmxaY_OVvWA
1764,tim-mcgraw,Country,http://www.youtube.com/embed/-Qt50glaue0
1766,tim-mcgraw,Country,http://www.youtube.com/embed/pJrI8Eqm82E
1768,tim-mcgraw,Country,http://www.youtube.com/embed/rf7GfUORHtw
1770,tim-mcgraw,Country,http://www.youtube.com/embed/jrUqwY4fE7w
1790,demi-lovato,Pop,https://www.youtube.com/embed/WDAd0S92Uko
1792,demi-lovato,Pop,https://www.youtube.com/embed/Uk32JhmiC7Q
1794,demi-lovato,Pop,https://www.youtube.com/embed/cwLRQn61oUY
1796,demi-lovato,Pop,https://www.youtube.com/embed/il9nqWw9W3Y
1798,demi-lovato,Pop,www.youtube.com/embed/pkqsqWcdih4
1800,demi-lovato,Pop,www.youtube.com/embed/OJGUbwVMBeA
1802,demi-lovato,Pop,www.youtube.com/embed/v9uDwppN5-w
1804,demi-lovato,Pop,www.youtube.com/embed/kHue-HaXXzg
1806,demi-lovato,Pop,www.youtube.com/embed/z3zdIHDTbg0
1808,demi-lovato,Pop,http://www.youtube.com/embed/AByfaYcOm4A
1810,demi-lovato,Pop,http://www.youtube.com/embed/r8TgMkbMPkc
1812,demi-lovato,Live,http://www.youtube.com/embed/MhCJPG4uMGU
1814,demi-lovato,Pop,http://www.youtube.com/embed/1zfzka5VwRc
1816,demi-lovato,Pop,http://www.youtube.com/embed/r_8ydghbGSg
1818,demi-lovato,Pop,http://www.youtube.com/embed/hmp5_cayCIs
1819,demi-lovato,Pop,http://www.youtube.com/embed/CZtUA9_ID0U
1820,demi-lovato,Pop,http://www.youtube.com/embed/OMHHUsQRmvo
1821,demi-lovato,Pop,http://www.youtube.com/embed/oYDDiqhhzbQ
1823,demi-lovato,Pop,http://www.youtube.com/embed/nmjO1p9Oxrk
1824,demi-lovato,Pop,http://www.youtube.com/embed/lJXJ5rzcHVQ
1860,maroon-5,Pop,https://www.youtube.com/embed/Wa64gOwuIyE
1862,maroon-5,Pop,www.youtube.com/embed/09R8_2nJtjg
1864,maroon-5,Pop,www.youtube.com/embed/qpgTC9MDx1o
1866,maroon-5,Pop,www.youtube.com/embed/NmugSMBh_iI
1868,maroon-5,Pop,http://www.youtube.com/embed/MU8B4XDI3Uw
1870,maroon-5,Pop,http://www.youtube.com/embed/AqR-ElB5kXY
1872,maroon-5,Pop,http://www.youtube.com/embed/N17FXwRWEZs
1874,maroon-5,Pop,http://www.youtube.com/embed/fwK7ggA3-bU
1876,maroon-5,Pop,http://www.youtube.com/embed/KRaWnd3LJfs
1878,maroon-5,Pop,http://www.youtube.com/embed/ZQsK9WzDiuM
1880,maroon-5,Pop,http://www.youtube.com/embed/umtlAZQ4mmk
1882,maroon-5,Pop,http://www.youtube.com/embed/UzCcgwtvOf0
1883,maroon-5,Pop,http://www.youtube.com/embed/ADmCFmYLns4?rel=0
1884,maroon-5,Pop,www.youtube.com/embed/BP1PsqBmbvM
1885,maroon-5,Pop,www.youtube.com/embed/WXNqs0LEEss
1886,maroon-5,Live,www.youtube.com/embed/uxg5LiycpDY
1887,maroon-5,Rock,www.youtube.com/embed/6g6g2mvItp4
1888,maroon-5,Rock,http://www.youtube.com/embed/uNSBq6hvU1s
1920,2pac,Hip-Hop,http://www.youtube.com/embed/t5uAX0pyD_I
1924,sean-paul,Pop,www.youtube.com/embed/zH1Z03rno4Y
1926,sean-paul,Reggae,http://www.youtube.com/embed/QorLV0uD-Hk
1928,sean-paul,Reggae,http://www.youtube.com/embed/Q_oVei9vGN8
1930,sean-paul,Reggae,http://www.youtube.com/embed/PukKW3gY4uo
1932,sean-paul,Pop,http://www.youtube.com/embed/etM7T-JQPrE
1934,sean-paul,Pop,http://www.youtube.com/embed/qjHlgrGsLWQ
1936,sean-paul,Reggae,http://www.youtube.com/embed/LWICZ2yOxc0
1938,sean-paul,Pop,http://www.youtube.com/embed/SbUBMklQSVU
1940,sean-paul,Reggae,http://www.youtube.com/embed/tDq3fNew1rU
1960,usher,R&amp;B;,https://www.youtube.com/embed/slN1CEUhA-E
1962,usher,R&amp;B;,www.youtube.com/embed/U-93LzZM1y0
1964,usher,R&amp;B;,www.youtube.com/embed/1lQtoRFaLsA
1966,usher,R&amp;B;,http://www.youtube.com/embed/eHqjZD3lb4M
1968,usher,R&amp;B;,http://www.youtube.com/embed/OIOntfVPBsw
1970,usher,R&amp;B;,http://www.youtube.com/embed/TEb7CPtpZvM
1972,usher,R&amp;B;,http://www.youtube.com/embed/qnjqNHB1bKw
1974,usher,R&amp;B;,http://www.youtube.com/embed/nNTyfVh3nmU
1976,usher,Live,http://www.youtube.com/embed/kHdzdRBahiU
1978,usher,R&amp;B;,http://www.youtube.com/embed/CQf13Mbza9k?rel=0
1979,usher,R&amp;B;,http://www.youtube.com/embed/C-dvTjK_07c
1980,usher,R&amp;B;,www.youtube.com/embed/1RnPB76mjxI
1981,usher,Live,www.youtube.com/embed/uwLCySM_tlU
1982,usher,R&amp;B;,http://www.youtube.com/embed/dNVNzRzDt-k
1983,usher,R&amp;B;,http://www.youtube.com/embed/pD8mxge6kek
1984,usher,R&amp;B;,www.youtube.com/embed/jzNVbcTwWWA
1985,usher,R&amp;B;,http://www.youtube.com/embed/Q_7EKr5a82k
2012,blake-shelton,Country,https://www.youtube.com/embed/KoQrH6EMnas
2014,blake-shelton,Country,www.youtube.com/embed/G91KZ56mNbw
2016,blake-shelton,Country,www.youtube.com/embed/7yTKBwoVKqE
2018,blake-shelton,Country,www.youtube.com/embed/04WRI-0odjk
2020,blake-shelton,Country,http://www.youtube.com/embed/JXAgv665J14
2022,blake-shelton,Country,http://www.youtube.com/embed/kXmmXAUqfd8
2024,blake-shelton,Live,http://www.youtube.com/embed/GFaxJ_Chu3k
2026,blake-shelton,Live,http://www.youtube.com/embed/GmlvUOO2inQ
2028,blake-shelton,Country,http://www.youtube.com/embed/8tpctFgADu4
2030,blake-shelton,Country,http://www.youtube.com/embed/0353jrboqOc
2032,blake-shelton,Country,http://www.youtube.com/embed/1mzpuUzLKx4
2034,blake-shelton,Country,www.youtube.com/embed/nCf2PoTuh4Q
2036,blake-shelton,Country,http://www.youtube.com/embed/xZjosn2u1gA
2038,blake-shelton,Country,http://www.youtube.com/embed/OGoiiwxTWeE
2040,blake-shelton,Country,http://www.youtube.com/embed/ki-n6DsDG40
2072,toby-keith,Country,www.youtube.com/embed/iyWUTGEdLuE
2074,toby-keith,Country,http://www.youtube.com/embed/eGXmf8VV5qI
2076,toby-keith,Country,http://www.youtube.com/embed/wlFHx4A24Ug
2078,toby-keith,Country,http://www.youtube.com/embed/D8M1DCYqlXA
2080,toby-keith,Country,http://www.youtube.com/embed/BKZqGJONH68
2082,toby-keith,Country,http://www.youtube.com/embed/MaAF_3WMJGM
2084,toby-keith,Country,http://www.youtube.com/embed/-k_n1ogEbjU
2098,westlife,Pop,http://www.youtube.com/embed/ZZN4FIsyHR0
2100,westlife,Pop,http://www.youtube.com/embed/Tivph7mTku4
2102,westlife,Pop,http://www.youtube.com/embed/eNUTlexj7cU
2103,westlife,Pop,http://www.youtube.com/v/OaRxUieZFqc&amp;hl=ja_JP&amp;fs=1&amp;rel=0
2110,"hank-williams,-jr.",Country,http://www.youtube.com/embed/FxmB5u76jTU
2114,blink-182,Rock,http://www.youtube.com/embed/H86730HjLVA
2116,blink-182,Rock,http://www.youtube.com/embed/CuNSn1z6ric
2118,blink-182,Rock,http://www.youtube.com/embed/YpYhGdrknlA
2120,blink-182,Rock,http://www.youtube.com/embed/eabtzkY_jNs
2122,blink-182,Rock,https://www.youtube.com/embed/CvtJVku_mJw
2134,snoop-dogg,Hip-Hop,https://www.youtube.com/embed/oNDKCHGW70w
2136,snoop-dogg,Hip-Hop,https://www.youtube.com/embed/JPIm6vrSl9s
2138,snoop-dogg,Hip-Hop,https://www.youtube.com/embed/1UAIxwYEgm0
2140,snoop-dogg,Hip-Hop,www.youtube.com/embed/GIWpVs-mPqk
2142,snoop-dogg,Hip-Hop,www.youtube.com/embed/_OB9CGomnbs
2144,snoop-dogg,Hip-Hop,http://www.youtube.com/embed/1YIqPJaHeSw
2148,snoop-dogg,Hip-Hop,http://www.youtube.com/embed/sBOI5CtPJhg
2150,snoop-dogg,Hip-Hop,http://www.youtube.com/embed/WGjfWP8mK2c
2152,snoop-dogg,Hip-Hop,http://www.youtube.com/embed/gl-eIRECmHw
2154,snoop-dogg,Hip-Hop,http://www.youtube.com/embed/DrNhHqNNFRk
2156,snoop-dogg,Hip-Hop,http://www.youtube.com/embed/0gWe4ztiIec
2158,snoop-dogg,Live,http://www.youtube.com/embed/KXac5jzNUIc?rel=0
2160,snoop-dogg,Hip-Hop,http://www.youtube.com/embed/c2calrwV1Eg?rel=0
2162,snoop-dogg,R&amp;B;,http://www.youtube.com/embed/-weOXYqWmr8?rel=0
2164,snoop-dogg,Hip-Hop,http://www.youtube.com/embed/o5zt5PBSgm0?rel=0
2165,snoop-dogg,Hip-Hop,http://www.youtube.com/embed/gFtyicwZ6oI?rel=0
2166,snoop-dogg,Hip-Hop,http://www.youtube.com/embed/22L5QGzj0CE?rel=0
2167,snoop-dogg,Hip-Hop,http://www.youtube.com/embed/518cms-VmPc?rel=0
2168,snoop-dogg,Hip-Hop,http://www.youtube.com/embed/RF-TZ2pQcys?rel=0
2204,ed-sheeran,Pop,https://www.youtube.com/embed/nSDgHBxUbVQ
2206,ed-sheeran,Pop,https://www.youtube.com/embed/Orq_75kFi8I
2208,ed-sheeran,Pop,www.youtube.com/embed/lp-EO5I60KA
2210,ed-sheeran,Pop,www.youtube.com/embed/iD2rhdFRehU
2212,ed-sheeran,Pop,www.youtube.com/embed/tlYcUqEPN58
2214,ed-sheeran,Pop,www.youtube.com/embed/nkqVm5aiC28
2216,ed-sheeran,Pop,www.youtube.com/embed/Ix9NXVIbm2A
2218,ed-sheeran,Pop,http://www.youtube.com/embed/NEqY0eY1_vQ
2220,ed-sheeran,Pop,http://www.youtube.com/embed/FOjdXSrtUxA
2222,ed-sheeran,Live,http://www.youtube.com/embed/5Lv1fsEE9ag
2224,ed-sheeran,Pop,http://www.youtube.com/embed/A_af256mnTE
2226,ed-sheeran,Pop,http://www.youtube.com/embed/kAYYwfKlr3I
2228,ed-sheeran,Live,http://www.youtube.com/embed/VrHWd_AVioQ
2230,ed-sheeran,Pop,http://www.youtube.com/embed/c4BLVznuWnU
2232,ed-sheeran,Hip-Hop,http://www.youtube.com/embed/Z3rv46h5JEw
2234,ed-sheeran,Live,http://www.youtube.com/embed/k2zCOT5XmUk
2236,ed-sheeran,Hip-Hop,http://www.youtube.com/embed/vfKapjvK-vo
2274,kanye-west,Hip-Hop,https://www.youtube.com/embed/WibQR0tQ0P8
2276,kanye-west,Hip-Hop,www.youtube.com/embed/BBAtAM7vtgc
2278,kanye-west,Hip-Hop,www.youtube.com/embed/q604eed4ad0
2280,kanye-west,Hip-Hop,http://www.youtube.com/embed/xuhl6Ji5zHM
2282,kanye-west,Hip-Hop,http://www.youtube.com/embed/7Dqgr0wNyPo
2284,kanye-west,Hip-Hop,http://www.youtube.com/embed/FJt7gNi3Nr4
2286,kanye-west,Hip-Hop,http://www.youtube.com/embed/ofaRvNOV4SI
2288,kanye-west,Hip-Hop,http://www.youtube.com/embed/gG_dA32oH44
2290,kanye-west,Live,http://www.youtube.com/embed/NB_ViqKaIog
2292,kanye-west,Hip-Hop,http://www.youtube.com/embed/BoEKWtgJQAU
2296,kanye-west,Live,http://www.youtube.com/embed/0hdQmd0uug0
2298,kanye-west,Live,http://www.youtube.com/embed/UtoHI0JEfDg
2300,kanye-west,Hip-Hop,http://www.youtube.com/embed/cAX0xgHoB6k?rel=0
2301,kanye-west,Hip-Hop,http://www.youtube.com/embed/HAfFfqiYLp0?rel=0
2302,kanye-west,Hip-Hop,http://www.youtube.com/embed/Bm5iA4Zupek?rel=0
2304,kanye-west,Hip-Hop,http://www.youtube.com/embed/L7_jYl8A73g?rel=0
2306,kanye-west,Hip-Hop,http://www.youtube.com/embed/O7W0DMAx8FY?rel=0
2344,jay-z,Hip-Hop,www.youtube.com/embed/6AIdXisPqHc
2346,jay-z,Live,http://www.youtube.com/embed/WAdVZLuJWYM
2356,jay-z,Hip-Hop,http://www.youtube.com/v/E1nbvplgElw&amp;hl=ja_JP&amp;fs=1&amp;rel=0
2357,jay-z,Hip-Hop,http://www.youtube.com/v/0UjsXo9l6I8&amp;hl=ja_JP&amp;fs=1&amp;rel=0
2358,jay-z,Hip-Hop,www.youtube.com/embed/yVA-xTBeHyM
2359,jay-z,Hip-Hop,http://www.youtube.com/embed/3EWruiIjBmo
2360,jay-z,Hip-Hop,http://www.youtube.com/embed/v8Up-BfOCKg
2361,jay-z,Hip-Hop,http://www.youtube.com/embed/0O3USgkwiJA
2362,jay-z,Hip-Hop,http://www.youtube.com/embed/Revmkhxu7dk
2363,jay-z,Hip-Hop,http://www.youtube.com/embed/FS4U-HAHwps
2364,jay-z,Hip-Hop,http://www.youtube.com/embed/6uikJTnmtgw
2366,jay-z,Hip-Hop,http://www.youtube.com/embed/Oz_-VaTHpc8
2367,jay-z,Hip-Hop,http://www.youtube.com/embed/aunKge7SUhs
2394,old-dominion,Country,https://www.youtube.com/embed/VrgCwAM06Yg
2398,shawn-mendes,Pop,https://www.youtube.com/embed/ngORmvyvAaI
2400,shawn-mendes,Pop,https://www.youtube.com/embed/TObtwHlfLFk
2402,shawn-mendes,Pop,https://www.youtube.com/embed/IZMYO_iT-r0
2404,shawn-mendes,Pop,https://www.youtube.com/embed/VbfpW0pbvaU
2406,shawn-mendes,Pop,https://www.youtube.com/embed/cNvrW9a_aLs
2408,shawn-mendes,Pop,https://www.youtube.com/embed/t3JYwhodL5w?list=FL7IYcRuA-atXkTPaZqBj6SQ
2410,shawn-mendes,Pop,https://www.youtube.com/embed/O986FuTmQcM
2412,shawn-mendes,Pop,https://www.youtube.com/embed/N7VCLNBNJQs
2414,shawn-mendes,Pop,https://www.youtube.com/embed/tnrJL-FSkVo
2416,shawn-mendes,Pop,www.youtube.com/embed/mytLRy32Viw
2438,50-cent,Hip-Hop,https://www.youtube.com/embed/bP9AboOlEY0
2440,50-cent,Hip-Hop,www.youtube.com/embed/x3A0IlXpHNc
2442,50-cent,Hip-Hop,www.youtube.com/embed/Tr-m2hanlc0
2444,50-cent,Hip-Hop,www.youtube.com/embed/tUZIYVC5CBg
2446,50-cent,Hip-Hop,www.youtube.com/embed/iB9vb392UkI
2448,50-cent,Hip-Hop,www.youtube.com/embed/1fS26AiyREI
2450,50-cent,Hip-Hop,www.youtube.com/embed/_g1orpIY2wo
2452,50-cent,Hip-Hop,www.youtube.com/embed/BeXRaQ0qYq0
2454,50-cent,Hip-Hop,www.youtube.com/embed/GK-FsdSMeno
2456,50-cent,Hip-Hop,www.youtube.com/embed/yHdcKkBILCk
2458,50-cent,Hip-Hop,www.youtube.com/embed/Sc74Fo5ORck
2460,50-cent,Hip-Hop,www.youtube.com/embed/bAlGoMGubYM
2462,50-cent,Hip-Hop,www.youtube.com/embed/lyJk0SwqKj8
2464,50-cent,Hip-Hop,www.youtube.com/embed/l-9pGIDsyvs
2466,50-cent,Hip-Hop,http://www.youtube.com/embed/-6jhuhsG-7w
2468,50-cent,Hip-Hop,http://www.youtube.com/embed/WDM4Xdnb9w4
2470,50-cent,Hip-Hop,http://www.youtube.com/embed/cN4fNaUAMbA
2472,50-cent,Hip-Hop,http://www.youtube.com/embed/GmVK6LJUL9E
2474,50-cent,Hip-Hop,http://www.youtube.com/embed/tUwdz6chHJk
2514,elle-king,Alternative,https://www.youtube.com/embed/0uLI6BnVh6w
2516,elle-king,Alternative,www.youtube.com/embed/kv1gBViFIX4
2522,lady-gaga,Pop,https://www.youtube.com/embed/ZmWBrN7QV6Y
2524,lady-gaga,Live,https://www.youtube.com/embed/q3ues1stefk
2526,lady-gaga,Jazz,https://www.youtube.com/embed/ADwEUhQg-0A
2528,lady-gaga,Jazz,www.youtube.com/embed/LYfF9VKMp4w
2530,lady-gaga,Live,www.youtube.com/embed/oj0YjGKqauw
2532,lady-gaga,Jazz,www.youtube.com/embed/uQ013viL6rs
2534,lady-gaga,Jazz,www.youtube.com/embed/-huNrHAou-E
2536,lady-gaga,Live,www.youtube.com/embed/EIoyTlfUPPU
2538,lady-gaga,Jazz,www.youtube.com/embed/NNh7xyLwwLc
2540,lady-gaga,Jazz,www.youtube.com/embed/Fg1meK-IgOM
2542,lady-gaga,Pop,www.youtube.com/embed/PNu_-deVemE
2544,lady-gaga,Live,www.youtube.com/embed/A4123vzCDS4
2546,lady-gaga,Live,www.youtube.com/embed/lm4LuX9oK5w?rel=0
2548,lady-gaga,Pop,www.youtube.com/embed/pco91kroVgQ
2550,lady-gaga,Pop,http://www.youtube.com/embed/cggNqDAtJYU
2552,lady-gaga,Pop,http://www.youtube.com/embed/4B9WXiffEps
2554,lady-gaga,Live,http://www.youtube.com/embed/x-gkBiy3djk
2556,lady-gaga,Live,www.youtube.com/embed/svyP-8Hn81Y
2558,lady-gaga,Jazz,http://www.youtube.com/embed/ZPAmDULCVrU
2560,lady-gaga,Pop,http://www.youtube.com/embed/X9YMU0WeBwU
2602,dierks-bentley,Country,https://www.youtube.com/embed/xQDbjIh3_Ts
2604,dierks-bentley,Live,https://www.youtube.com/embed/9n-wq0S4fqY
2606,dierks-bentley,Country,www.youtube.com/embed/4xpr1fLqEj4
2608,dierks-bentley,Country,www.youtube.com/embed/QrM39m22jH4
2610,dierks-bentley,Country,www.youtube.com/embed/GDZlAryz9oU
2612,dierks-bentley,Country,www.youtube.com/embed/zV40NzkqJrw
2614,dierks-bentley,Country,http://www.youtube.com/embed/v6WC_QxYpLE
2616,dierks-bentley,Country,http://www.youtube.com/embed/Aa9Y0Hlrlbs
2618,dierks-bentley,Country,http://www.youtube.com/embed/kJlNAxnOn_g
2636,florida-georgia-line,Country,https://www.youtube.com/embed/vwkYxPpmEPE
2638,florida-georgia-line,Country,https://www.youtube.com/embed/wQfP1lcJ_eo
2640,florida-georgia-line,Country,https://www.youtube.com/embed/KllQ8e9Ae0w
2642,florida-georgia-line,Country,www.youtube.com/embed/c8nY06Pt8Qw
2644,florida-georgia-line,Country,www.youtube.com/embed/42uphHWxmFU
2646,florida-georgia-line,Country,www.youtube.com/embed/CbxuXq_981s
2648,florida-georgia-line,Country,www.youtube.com/embed/puiJKDWFars
2650,florida-georgia-line,Country,www.youtube.com/embed/T_igmjEB560
2652,florida-georgia-line,Country,http://www.youtube.com/embed/p1oL37ycONQ
2654,florida-georgia-line,Country,http://www.youtube.com/embed/bmZ9xRO7M9M
2656,florida-georgia-line,Country,http://www.youtube.com/embed/oajuSNChUOo
2658,florida-georgia-line,Country,http://www.youtube.com/embed/8PvebsWcpto
2684,bruno-mars,Pop,www.youtube.com/embed/AHDtXqjgEj4
2686,bruno-mars,R&amp;B;,http://www.youtube.com/embed/nPvuNsRccVw
2688,bruno-mars,Pop,http://www.youtube.com/embed/ekzHIouo8Q4
2690,bruno-mars,Pop,http://www.youtube.com/embed/e-fA-gBCkj0
2694,bruno-mars,Pop,http://www.youtube.com/embed/W-w3WfgpcGg
2696,bruno-mars,Pop,http://www.youtube.com/embed/dULOjT9GYdQ?rel=0
2698,bruno-mars,Pop,http://www.youtube.com/embed/fLexgOxsZu0?rel=0
2700,bruno-mars,Pop,http://www.youtube.com/embed/1iBm60uJXvs?rel=0
2701,bruno-mars,Pop,http://www.youtube.com/embed/SR6iYWJxHqs?rel=0
2702,bruno-mars,Pop,http://www.youtube.com/v/LjhCEhWiKXk?fs=1&amp;hl=ja_JP&amp;rel=0
2703,bruno-mars,Pop,www.youtube.com/embed/m8Ed8in9Qng
2724,kenny-chesney,Country,https://www.youtube.com/embed/zY9es8R4PD4
2726,kenny-chesney,Country,https://www.youtube.com/embed/_XIANQM3xm0
2728,kenny-chesney,Country,www.youtube.com/embed/QJMg0I1LAZY
2730,kenny-chesney,Country,www.youtube.com/embed/kqzM7bP6aRY
2732,kenny-chesney,Country,www.youtube.com/embed/de1aPKXBdAE
2734,kenny-chesney,Country,www.youtube.com/embed/54WCFN7SQVw
2736,kenny-chesney,Country,www.youtube.com/embed/CWZe6YoHYIg
2738,kenny-chesney,Country,http://www.youtube.com/embed/IqIRpnsUvP4
2740,kenny-chesney,Live,http://www.youtube.com/embed/YnWzCgRT7c0
2742,kenny-chesney,Country,http://www.youtube.com/embed/N1GfEl8XUc4
2768,miley-cyrus,Pop,https://www.youtube.com/embed/DfwJA0f0UTg
2770,miley-cyrus,Pop,https://www.youtube.com/embed/rT70HTbh4a8
2772,miley-cyrus,Pop,www.youtube.com/embed/W1tzURKYFNs
2774,miley-cyrus,Pop,www.youtube.com/embed/KJBHdKBOdcw?rel=0
2776,miley-cyrus,Pop,www.youtube.com/embed/My2FRPA3Gf8
2778,miley-cyrus,Pop,http://www.youtube.com/embed/LrUvu1mlWco
2780,miley-cyrus,Live,http://www.youtube.com/embed/wOwblaKmyVw
2782,miley-cyrus,Pop,http://www.youtube.com/embed/I2wvaWTTmz8
2784,miley-cyrus,Pop,http://www.youtube.com/v/tgQNBvKMH88?fs=1&amp;hl=ja_JP&amp;rel=0
2785,miley-cyrus,Pop,http://www.youtube.com/embed/sjSG6z_13-Q
2787,miley-cyrus,Pop,www.youtube.com/embed/8wxOVn99FTE
2789,miley-cyrus,Pop,http://www.youtube.com/v/M11SvDtPBhA&amp;hl=ja&amp;fs=1&amp;rel=0
2790,miley-cyrus,Pop,http://www.youtube.com/v/NG2zyeVRcbs&amp;hl=ja&amp;fs=1&amp;rel=0
2791,miley-cyrus,Pop,http://www.youtube.com/v/3RSlhNJFohI?fs=1&amp;hl=ja_JP&amp;rel=0
2792,miley-cyrus,Pop,http://www.youtube.com/embed/tc42IKjHo34
2794,miley-cyrus,Pop,http://www.youtube.com/v/Hr0Wv5DJhuk?fs=1&amp;hl=ja_JP&amp;rel=0
2822,jason-derulo,R&amp;B;,https://www.youtube.com/embed/juN6xIKIvRk
2824,jason-derulo,Pop,https://www.youtube.com/embed/S2lgnitdPdc
2826,jason-derulo,R&amp;B;,https://www.youtube.com/embed/nNi0gyO41VQ
2828,jason-derulo,Pop,https://www.youtube.com/embed/rClUOdS5Zyw
2830,jason-derulo,R&amp;B;,www.youtube.com/embed/hiP14ED28CA
2832,jason-derulo,R&amp;B;,www.youtube.com/embed/8Ap7aJsfaXQ
2834,jason-derulo,R&amp;B;,www.youtube.com/embed/oOAfz0H4f00
2836,jason-derulo,R&amp;B;,www.youtube.com/embed/zRCsZ5a3aCM
2838,jason-derulo,R&amp;B;,www.youtube.com/embed/RbtPXFlZlHg
2840,jason-derulo,Pop,http://www.youtube.com/embed/byp94CCWKSI
2842,jason-derulo,R&amp;B;,http://www.youtube.com/embed/pV36OEBWRvU
2844,jason-derulo,R&amp;B;,http://www.youtube.com/embed/8FbF18hDosw
2846,jason-derulo,R&amp;B;,http://www.youtube.com/embed/4oGUHRXT-wA
2848,jason-derulo,Pop,http://www.youtube.com/embed/2CGF_Z3yZAo?rel=0
2850,jason-derulo,R&amp;B;,http://www.youtube.com/embed/MYGjxZh0W7U
2852,jason-derulo,R&amp;B;,www.youtube.com/embed/4qQCx9mxV9g
2853,jason-derulo,R&amp;B;,www.youtube.com/embed/8ESdn0MuJWQ
2854,jason-derulo,R&amp;B;,http://www.youtube.com/embed/iZ7GsaEDB5g
2856,jason-derulo,R&amp;B;,www.youtube.com/embed/sms-ApY9OyA
2892,the-chainsmokers,Electronic,https://www.youtube.com/embed/iPAac-0IUKQ
2894,the-chainsmokers,Electronic,https://www.youtube.com/embed/rNsP4nE1_FA
2896,the-chainsmokers,Electronic,https://www.youtube.com/embed/klIF0nhsxxM
2898,the-chainsmokers,Electronic,https://www.youtube.com/embed/G5Mv2iV0wkU
2900,the-chainsmokers,Electronic,https://www.youtube.com/embed/o4JVJlAf6Ho
2902,the-chainsmokers,Electronic,https://www.youtube.com/embed/iiNXf0n_hrA
2904,the-chainsmokers,Electronic,www.youtube.com/embed/8ELh8eOzq_0
2906,the-chainsmokers,Electronic,www.youtube.com/embed/kdemFfbS5H0
2924,chris-stapleton,Country,https://www.youtube.com/embed/ZI-aPHeUDlk
2928,kelsea-ballerini,Country,https://www.youtube.com/embed/e3lCzEOy5xs
2930,kelsea-ballerini,Country,https://www.youtube.com/embed/2r6N2JQQwg0
2938,justin-timberlake,Pop,www.youtube.com/embed/Vjty080jy60
2940,justin-timberlake,Pop,www.youtube.com/embed/FyXtoTLLcDk
2942,justin-timberlake,Pop,www.youtube.com/embed/DEzREJbln-o
2944,justin-timberlake,Pop,www.youtube.com/embed/07FYdnEawAQ
2946,justin-timberlake,Pop,http://www.youtube.com/embed/uuZE_IRwLNI
2948,justin-timberlake,Pop,http://www.youtube.com/embed/IsUsVbTj2AY
2950,justin-timberlake,Live,http://www.youtube.com/embed/n1LOm69hpR0
2968,thomas-rhett,Country,https://www.youtube.com/embed/_VVtOIzPg9Q
2970,thomas-rhett,Country,https://www.youtube.com/embed/1GqhBP2Pp6o
2972,thomas-rhett,Country,https://www.youtube.com/embed/heyIXXCfyaM
2974,thomas-rhett,Country,www.youtube.com/embed/R1iAxyLzBT8
2976,thomas-rhett,Country,www.youtube.com/embed/UPNDK46QiRM
2978,thomas-rhett,Country,www.youtube.com/embed/gq2ZJ418ad8
2980,thomas-rhett,Country,http://www.youtube.com/embed/I4keD5Qvya4
2982,thomas-rhett,Country,http://www.youtube.com/embed/dphMriny1Js
3000,shakira,Pop,https://www.youtube.com/embed/c6rP-YP4c5I
3002,shakira,Latin,www.youtube.com/embed/7-7knsP2n5w
3004,shakira,Pop,www.youtube.com/embed/XkYAxGt-aUs
3006,shakira,Pop,www.youtube.com/embed/QapfTGTXbxc
3008,shakira,Latin,www.youtube.com/embed/fWU3pEMPrHw
3010,shakira,Pop,www.youtube.com/embed/o3mP3mJDL2k
3012,shakira,Latin,http://www.youtube.com/embed/MntbN1DdEP0
3014,shakira,Latin,http://www.youtube.com/embed/P0iOz9xf0zY
3016,shakira,Latin,http://www.youtube.com/embed/LHUfKv1SzlQ
3018,shakira,Latin,http://www.youtube.com/embed/Pm6IXg1oEL4
3020,shakira,Latin,http://www.youtube.com/embed/a5irTX82olg
3022,shakira,Latin,http://www.youtube.com/embed/mqqLoUcLX5I?rel=0
3023,shakira,Latin,http://www.youtube.com/embed/KewfYKJy8YU
3024,shakira,Pop,http://www.youtube.com/embed/pRpeEdMmmQ0
3026,shakira,Pop,www.youtube.com/embed/_3-GiVIE8gc
3027,shakira,Pop,http://www.youtube.com/embed/xE2onUOa5u4
3028,shakira,Pop,http://www.youtube.com/embed/eXQXs3Lr0UA
3029,shakira,Pop,www.youtube.com/embed/igcsNG4aruA
3030,shakira,Pop,http://www.youtube.com/embed/booKP974B0k
3031,shakira,R&amp;B;,www.youtube.com/embed/QrOe2h9RtWI
3066,the-1975,Alternative,https://www.youtube.com/embed/FSnAllHtG70
3068,the-1975,Alternative,https://www.youtube.com/embed/hXaU0QzByIM
3070,the-1975,Alternative,https://www.youtube.com/embed/TJ5bZuUlftI
3072,the-1975,Alternative,www.youtube.com/embed/Mrv6CRSFCoY
3074,the-1975,Alternative,www.youtube.com/embed/t9xA1Lvd37E
3076,the-1975,Rock,www.youtube.com/embed/Iyy3YOpxL2k
3078,the-1975,Rock,www.youtube.com/embed/BsYE078RQCI
3080,the-1975,Rock,www.youtube.com/embed/QkubQCI4Fxo
3082,the-1975,Rock,www.youtube.com/embed/UKIhXi-yiw8
3084,the-1975,Rock,http://www.youtube.com/embed/s6Y2FVD5JVw
3086,the-1975,Rock,http://www.youtube.com/embed/FfBKqaVk2Co
3088,the-1975,Alternative,http://www.youtube.com/embed/xeDGfk0UJw8
3090,the-1975,Alternative,http://www.youtube.com/embed/26dihEfGCnc
3118,zac-brown-band,Country,https://www.youtube.com/embed/6LPDBZXgdA0
3120,zac-brown-band,Country,www.youtube.com/embed/vkFQ5PZ1oqI
3122,zac-brown-band,Country,www.youtube.com/embed/y5ISTO6GiLk
3124,zac-brown-band,Country,http://www.youtube.com/embed/rb7tbzuGHzw
3126,zac-brown-band,Country,http://www.youtube.com/embed/p5Rlgu4L9J4
3128,zac-brown-band,Country,http://www.youtube.com/embed/Ef201LbbAPE
3130,zac-brown-band,Country,http://www.youtube.com/embed/TZBR0yh3CO4
3132,zac-brown-band,Country,http://www.youtube.com/embed/3_DTZGtaELo
3134,zac-brown-band,Country,http://www.youtube.com/embed/9n5G0qFBsHM
3136,zac-brown-band,Country,http://www.youtube.com/embed/oouFE51HcqM
3137,zac-brown-band,Country,www.youtube.com/embed/3tthIHXUsPs
3138,zac-brown-band,Country,http://www.youtube.com/embed/YQG7vcrQIlg
3139,zac-brown-band,Country,http://www.youtube.com/embed/gZMCkufE0X0
3141,zac-brown-band,Country,http://www.youtube.com/embed/lB8Nkn3Xjes
3143,zac-brown-band,Country,http://www.youtube.com/embed/7RJrNnRpVHg
3145,zac-brown-band,Country,http://www.youtube.com/embed/e4ujS1er1r0
3176,future,Hip-Hop,https://www.youtube.com/embed/dhNe0YBIrLA
3178,future,Hip-Hop,https://www.youtube.com/embed/MXGORPXI6QQ
3180,future,Hip-Hop,https://www.youtube.com/embed/ZaWdMrmEhDA
3182,future,Hip-Hop,https://www.youtube.com/embed/2y-edrXIZjA
3184,future,Hip-Hop,https://www.youtube.com/embed/lw3Or6eqIpI
3186,future,Hip-Hop,https://www.youtube.com/embed/ZYuxqiKVLhg
3188,future,Hip-Hop,https://www.youtube.com/embed/jfmc5pyISeE
3190,future,Hip-Hop,https://www.youtube.com/embed/AiPrHaGJsT8
3192,future,Hip-Hop,https://www.youtube.com/embed/wKl6umkwKfU
3194,future,Hip-Hop,www.youtube.com/embed/NjVvTod8SB0
3196,future,Hip-Hop,www.youtube.com/embed/MNwQeiK1O9Y
3198,future,Hip-Hop,www.youtube.com/embed/ylbLjXwFVuU
3200,future,Hip-Hop,www.youtube.com/embed/i2VrxrGcWl8
3202,future,Hip-Hop,www.youtube.com/embed/wHguy4xHGSg
3206,future,Hip-Hop,www.youtube.com/embed/Q4_Luckf5bE
3208,future,Hip-Hop,www.youtube.com/embed/FAeAp9MzPtk
3244,dj-khaled,Hip-Hop,https://www.youtube.com/embed/ia9rPW8yXqE
3246,dj-khaled,Hip-Hop,https://www.youtube.com/embed/rVEUbU9hQEo
3248,dj-khaled,Hip-Hop,https://www.youtube.com/embed/4YqV8n_kfsU
3250,dj-khaled,Hip-Hop,www.youtube.com/embed/fxPBu_vX9Q0
3252,dj-khaled,Hip-Hop,www.youtube.com/embed/Gvsao2_jsNk
3254,dj-khaled,Hip-Hop,www.youtube.com/embed/_qNU9n7k15g
3256,dj-khaled,Hip-Hop,www.youtube.com/embed/-fZ7Gb532Ew
3258,dj-khaled,Hip-Hop,www.youtube.com/embed/E2Lw9YWLVts
3260,dj-khaled,Hip-Hop,http://www.youtube.com/embed/1Rtlg3-mrv8
3262,dj-khaled,Hip-Hop,http://www.youtube.com/embed/VihUO-4-wCc
3264,dj-khaled,Hip-Hop,http://www.youtube.com/embed/ii0rSwxVkFY
3266,dj-khaled,Hip-Hop,http://www.youtube.com/embed/-p0bNOxBhgc
3268,dj-khaled,Hip-Hop,http://www.youtube.com/embed/FeC3zLpB2ng
3270,dj-khaled,Hip-Hop,http://www.youtube.com/embed/Z09lYqdxqzo
3272,dj-khaled,Hip-Hop,http://www.youtube.com/embed/SXp_Qws1fjE?rel=0
3274,dj-khaled,Hip-Hop,http://www.youtube.com/embed/ZXIA-U2mL3U?rel=0
3275,dj-khaled,Hip-Hop,www.youtube.com/embed/eh8mRjO1nhg
3308,rick-ross,Hip-Hop,https://www.youtube.com/embed/1klN72RIveI
3310,rick-ross,Hip-Hop,https://www.youtube.com/embed/-XLQb_tKOfQ
3312,rick-ross,Hip-Hop,https://www.youtube.com/embed/WS2H73Q3WsE
3314,rick-ross,Hip-Hop,https://www.youtube.com/embed/P2-uAeRLcMY
3316,rick-ross,Hip-Hop,https://www.youtube.com/embed/HhNF7h73VLY
3318,rick-ross,Hip-Hop,https://www.youtube.com/embed/wKYkdS4HGgw
3320,rick-ross,Hip-Hop,www.youtube.com/embed/snVKQvVeknY
3322,rick-ross,Hip-Hop,www.youtube.com/embed/6CR2htpxB90
3324,rick-ross,Hip-Hop,www.youtube.com/embed/vQwDAzyKIzs
3326,rick-ross,Hip-Hop,www.youtube.com/embed/LLNqYPQB5CA
3328,rick-ross,Hip-Hop,www.youtube.com/embed/6AiUHIojOKQ
3330,rick-ross,Hip-Hop,www.youtube.com/embed/FTYtsvuur6s
3332,rick-ross,Hip-Hop,www.youtube.com/embed/jEy9ygty4JQ
3334,rick-ross,Hip-Hop,www.youtube.com/embed/Ekyi3E3yToc
3364,billy-currington,Country,https://www.youtube.com/embed/UkLp4S-x5b4
3366,billy-currington,Country,www.youtube.com/embed/lJIB_s_7dcw
3368,billy-currington,Country,www.youtube.com/embed/ek4Zsw5_p0g
3370,billy-currington,Country,http://www.youtube.com/embed/eV2U-moVYYM
3372,billy-currington,Country,http://www.youtube.com/embed/3d1T0UcsUN0
3374,billy-currington,Country,https://www.youtube.com/embed/XtMy5IBmX7E?feature=player_embedded
3375,billy-currington,Country,http://www.youtube.com/embed/PKpQRjj_WbU
3388,linkin-park,Alternative,www.youtube.com/embed/0LQWu6FHOoQ
3390,linkin-park,Alternative,www.youtube.com/embed/i8q8fFs3kTM
3392,linkin-park,Alternative,www.youtube.com/embed/oM-XJD4J36U
3394,linkin-park,Rock,www.youtube.com/embed/IfnhGW2Q_y0
3396,linkin-park,Rock,www.youtube.com/embed/ToHo29kD9Go
3398,linkin-park,Rock,http://www.youtube.com/embed/ScNNfyq3d_w
3400,linkin-park,Rock,http://www.youtube.com/embed/co4YpHTqmfQ
3402,linkin-park,Rock,http://www.youtube.com/embed/VPTdlrN4AFI
3404,linkin-park,Rock,http://www.youtube.com/embed/dxytyRy-O1k
3406,linkin-park,Live,http://www.youtube.com/embed/dHtwZ07N1ic
3408,linkin-park,Live,http://www.youtube.com/embed/rdpx7rvv3dw
3410,linkin-park,Rock,http://www.youtube.com/embed/xLYiIBCN9ec
3412,linkin-park,Rock,http://www.youtube.com/embed/kh_YCSW5lPc?rel=0
3413,linkin-park,Rock,http://www.youtube.com/embed/5qF_qbaWt3Q
3414,linkin-park,Rock,http://www.youtube.com/embed/51iquRYKPbs
3415,linkin-park,Rock,www.youtube.com/embed/lrbL1s9qwBs
3416,linkin-park,Rock,www.youtube.com/embed/ysSxxIqKNN0
3417,linkin-park,Rock,www.youtube.com/embed/LPgwY11jzK8
3418,linkin-park,Rock,www.youtube.com/embed/wsqKH_VIrng
3450,rascal-flatts,Country,https://www.youtube.com/embed/BfoJnDg22NA
3452,rascal-flatts,Country,www.youtube.com/embed/WPcASvgb7yg
3454,rascal-flatts,Country,http://www.youtube.com/embed/lk1bstD4nY8
3456,rascal-flatts,Country,http://www.youtube.com/embed/MVnMsW5J7gM
3458,rascal-flatts,Country,http://www.youtube.com/embed/ighEKw6RDBQ
3460,rascal-flatts,Country,http://www.youtube.com/embed/i9RRBGFO1nI
3462,rascal-flatts,Country,http://www.youtube.com/embed/cDSCjmxO4T4
3464,rascal-flatts,Country,www.youtube.com/embed/5EXGJKxi_PU
3466,rascal-flatts,Country,http://www.youtube.com/embed/H3Q-LQQW6pA
3467,rascal-flatts,Pop,http://www.youtube.com/embed/17VudJ6lr4k
3468,rascal-flatts,Pop,http://www.youtube.com/embed/igScPXNahf0
3488,young-thug,Hip-Hop,https://www.youtube.com/embed/rpwJhh6gfEQ
3490,young-thug,Hip-Hop,https://www.youtube.com/embed/cTGQrA5HHIU
3492,young-thug,Hip-Hop,https://www.youtube.com/embed/utxOjjc7WvU
3494,young-thug,Hip-Hop,www.youtube.com/embed/6OpdjbzTIhM
3496,young-thug,Hip-Hop,www.youtube.com/embed/gPbzMMorE_E
3508,marc-anthony,Latin,www.youtube.com/embed/3VmoZrxXbmg
3510,marc-anthony,Latin,www.youtube.com/embed/-u6w90uQhTI
3512,marc-anthony,Latin,www.youtube.com/embed/YXnjy5YlDwk
3520,the-xx,Alternative,http://www.youtube.com/embed/fhJ9k9aJRKw
3522,the-xx,Alternative,http://www.youtube.com/embed/-qiJ06IeFiI
3524,the-xx,Alternative,http://www.youtube.com/embed/dYXejsku99Q
3526,the-xx,Live,http://www.youtube.com/embed/gDjRRuHN8HI
3528,the-xx,Alternative,http://www.youtube.com/embed/_nW5AF0m9Zw
3530,the-xx,Alternative,http://www.youtube.com/embed/PElhV8z7I60
3531,the-xx,Indie,http://www.youtube.com/embed/gI2eO_mNM88
3532,the-xx,Alternative,www.youtube.com/embed/_DFW1wOw0Q4
3533,the-xx,Indie,http://www.youtube.com/embed/gZ-ToBh4jaw
3534,the-xx,Alternative,http://www.youtube.com/v/kHZVGqqf3gg&amp;hl=ja&amp;fs=1&amp;
3535,the-xx,Indie,www.youtube.com/embed/Pib8eYDSFEI
3554,mariah-carey,Pop,https://www.youtube.com/embed/DO1CQhwCiG0
3556,mariah-carey,Pop,www.youtube.com/embed/Nn1JClLqcSg
3558,mariah-carey,Pop,www.youtube.com/embed/toOlPqXW75A
3560,mariah-carey,Pop,http://www.youtube.com/embed/oe1wtkkt9-E
3562,mariah-carey,Pop,http://www.youtube.com/embed/TwrWFOluAo8
3564,mariah-carey,Pop,http://www.youtube.com/embed/UM156Pkfg70
3566,mariah-carey,Pop,http://www.youtube.com/embed/UUriY3wmLuY
3570,mariah-carey,Pop,http://www.youtube.com/embed/Aop6YF1Xqqg?rel=0
3571,mariah-carey,Pop,http://www.youtube.com/embed/j25wYtN1EIA?rel=0
3572,mariah-carey,Pop,http://www.youtube.com/embed/Y5zaQ_vIAHE?rel=0
3573,mariah-carey,Pop,http://www.youtube.com/embed/DyGNfbKkMVE
3574,mariah-carey,Pop,http://www.youtube.com/embed/5i7GEMQC2IY
3575,mariah-carey,Pop,http://www.youtube.com/embed/yd8wMObmm38
3576,mariah-carey,Pop,http://www.youtube.com/embed/gCadlN8fexk
3577,mariah-carey,Pop,http://www.youtube.com/embed/H1Yt0xJKDY8
3578,mariah-carey,Pop,https://www.youtube.com/embed/o7mhZ9mM3pM?feature=player_embedded
3579,mariah-carey,Pop,http://www.youtube.com/embed/5C5JFDEGj8A?rel=0
3580,mariah-carey,Pop,http://www.youtube.com/embed/7j16uymohGQ?rel=0
3581,mariah-carey,Pop,http://www.youtube.com/embed/UqfLVDIZcP8?rel=0
3610,charlie-puth,Pop,https://www.youtube.com/embed/Uqv5O5tfjaQ
3612,charlie-puth,Pop,https://www.youtube.com/embed/OFZBMPg2y3w
3614,charlie-puth,Pop,https://www.youtube.com/embed/BxuY9FET9Y4
3626,r.-kelly,R&amp;B;,https://www.youtube.com/embed/PT7UOmPqXlk
3628,r.-kelly,R&amp;B;,www.youtube.com/embed/F9OhxEA5NHY
3630,r.-kelly,R&amp;B;,www.youtube.com/embed/TntcHcNPDvM
3632,r.-kelly,R&amp;B;,http://www.youtube.com/embed/HCsvHarRSd4
3634,r.-kelly,R&amp;B;,http://www.youtube.com/embed/D3ufEF45-J4
3636,r.-kelly,R&amp;B;,www.youtube.com/embed/FmUD9Vmjj4E
3638,r.-kelly,R&amp;B;,http://www.youtube.com/embed/_W0K_EkDoHk
3639,r.-kelly,R&amp;B;,www.youtube.com/embed/nr5N6Tk_5ls
3641,r.-kelly,R&amp;B;,http://www.youtube.com/embed/kdWwOZfHlN0
3642,r.-kelly,R&amp;B;,http://www.youtube.com/embed/D4J16UhY5qk
3660,akon,R&amp;B;,www.youtube.com/embed/4eI0K12J1lA?rel=0
3662,akon,R&amp;B;,http://www.youtube.com/embed/bfMDGkaIxlI
3664,akon,Hip-Hop,http://www.youtube.com/embed/mGQSCqjhcVM
3666,akon,Hip-Hop,http://www.youtube.com/embed/qngTJJ2AJRk
3668,akon,R&amp;B;,www.youtube.com/embed/YI4sDx6SGwA
3670,akon,R&amp;B;,www.youtube.com/embed/rSOzN0eihsE?rel=0
3672,akon,R&amp;B;,www.youtube.com/embed/vIaH35-MLsk?rel=0
3674,akon,R&amp;B;,www.youtube.com/embed/tnAbKuGss4Y?rel=0
3676,akon,R&amp;B;,www.youtube.com/embed/JWA5hJl4Dv0?rel=0
3678,akon,R&amp;B;,www.youtube.com/embed/ynMk2EwRi4Q?rel=0
3680,akon,R&amp;B;,www.youtube.com/embed/bKDdT_nyP54?rel=0
3682,akon,R&amp;B;,www.youtube.com/embed/LLVzrG0JpNY?rel=0
3684,akon,R&amp;B;,www.youtube.com/embed/hWwrCJrjkBI?rel=0
3686,akon,R&amp;B;,www.youtube.com/embed/beNGmsEshqs?rel=0
3688,akon,R&amp;B;,www.youtube.com/embed/6EEW-9NDM5k?rel=0
3690,akon,R&amp;B;,www.youtube.com/embed/14PgWitIbSk?rel=0
3724,g-eazy,Hip-Hop,https://www.youtube.com/embed/UI9WCl4Cd8E
3726,g-eazy,Hip-Hop,https://www.youtube.com/embed/-UMGfYKfQDU
3728,g-eazy,Hip-Hop,https://www.youtube.com/embed/bSfpSOBD30U
3730,g-eazy,Hip-Hop,https://www.youtube.com/embed/-3wlroM2gZ8
3732,g-eazy,Hip-Hop,www.youtube.com/embed/eEWYwQR9jPE
3734,g-eazy,Hip-Hop,www.youtube.com/embed/P6OhygzSMn8
3736,g-eazy,Hip-Hop,www.youtube.com/embed/CxnaPa8ohmM
3752,coldplay,Alternative,https://www.youtube.com/embed/YykjpeuMNEk
3754,coldplay,Alternative,https://www.youtube.com/embed/QtXby3twMmI
3756,coldplay,Alternative,https://www.youtube.com/embed/0-XXX3dnlVc
3758,coldplay,Alternative,www.youtube.com/embed/gKM15TaKLUI
3760,coldplay,Alternative,www.youtube.com/embed/nLhcmwvI1Dg
3762,coldplay,Alternative,www.youtube.com/embed/Wpl_6jotaHA
3764,coldplay,Alternative,www.youtube.com/embed/VPRjCeoBqrI
3766,coldplay,Live,www.youtube.com/embed/ljuyyXMYT-M
3768,coldplay,Rock,www.youtube.com/embed/Qtb11P1FWnc
3770,coldplay,Rock,www.youtube.com/embed/BQeMxWjpr-Y
3772,coldplay,Live,www.youtube.com/embed/ZDYI6V0stiA
3774,coldplay,Rock,www.youtube.com/embed/Lh3TokLzzmw
3776,coldplay,Rock,http://www.youtube.com/embed/QKcxhQZxvdw
3778,coldplay,Rock,http://www.youtube.com/embed/C8KV0mzqTXY
3780,coldplay,Rock,http://www.youtube.com/embed/EB-NbV4JTjU
3784,coldplay,Rock,http://www.youtube.com/embed/zTFBJgnNgU4
3786,coldplay,Live,http://www.youtube.com/embed/hI_w6a8UfXw
3788,coldplay,Live,http://www.youtube.com/embed/KhKxtv1FiUM
3828,fergie,Pop,www.youtube.com/embed/GLyP0B2Q-R4
3830,fergie,Pop,www.youtube.com/embed/0ZgjmE6xdaw
3836,guns-n-roses,Live,www.youtube.com/embed/VZY03tEIDKA
3838,guns-n-roses,Rock,www.youtube.com/embed/IYOYlqOitDA
3839,guns-n-roses,Rock,www.youtube.com/embed/dpmAY059TTY
3840,guns-n-roses,Rock,www.youtube.com/embed/u8X76NRiQLQ
3841,guns-n-roses,Rock,www.youtube.com/embed/S2GIGPrOnbU
3842,guns-n-roses,Rock,www.youtube.com/embed/LuhLVl5qf2A
3843,guns-n-roses,Rock,www.youtube.com/embed/D9cqJfwESV0
3844,guns-n-roses,Rock,www.youtube.com/embed/29GcqeBmZZk
3845,guns-n-roses,Rock,www.youtube.com/embed/8SbUC-UaAxE
3846,guns-n-roses,Rock,www.youtube.com/embed/CzB5hFINC_k
3847,guns-n-roses,Rock,www.youtube.com/embed/6D9vAItORgE
3848,guns-n-roses,Rock,www.youtube.com/embed/zRIbf6JqkNc
3849,guns-n-roses,Rock,www.youtube.com/embed/ErvgV4P6Fzc
3850,guns-n-roses,Rock,www.youtube.com/embed/Rbm6GXllBiw
3851,guns-n-roses,Rock,www.youtube.com/embed/o1tj2zJ2Wvg
3852,guns-n-roses,Rock,www.youtube.com/embed/1w7OgIMMRc4
3870,j.-cole,Hip-Hop,https://www.youtube.com/embed/eCGV26aj-mM
3872,j.-cole,Hip-Hop,https://www.youtube.com/embed/vHU6ZRQJ50Q
3874,j.-cole,Hip-Hop,www.youtube.com/embed/eRaFMlZ1YHA
3876,j.-cole,Hip-Hop,www.youtube.com/embed/NtjrFw4i2Qo
3878,j.-cole,Hip-Hop,www.youtube.com/embed/jYdaQJzcAcw
3880,j.-cole,Hip-Hop,www.youtube.com/embed/fzzMOMkjm8A
3882,j.-cole,Hip-Hop,http://www.youtube.com/embed/7AjD7nKiUQ4
3884,j.-cole,Hip-Hop,http://www.youtube.com/embed/fwux1A5hBdQ
3886,j.-cole,Hip-Hop,http://www.youtube.com/embed/aWwzPPdffoY
3888,j.-cole,Hip-Hop,http://www.youtube.com/embed/y-vQ_VsTkn0
3890,j.-cole,Hip-Hop,http://www.youtube.com/embed/OeS4pmFeZGE
3892,j.-cole,Hip-Hop,http://www.youtube.com/embed/p0L4lA6bS2E
3894,j.-cole,R&amp;B;,http://www.youtube.com/embed/6PN78PS_QsM
3896,j.-cole,Hip-Hop,http://www.youtube.com/embed/vsdLE_bgM3I?rel=0
3897,j.-cole,Hip-Hop,http://www.youtube.com/embed/N6PyB9Feu_k
3926,adam-levine,Pop,https://www.youtube.com/embed/cL4uhaQ58Rk
3928,adam-levine,Live,http://www.youtube.com/embed/rAOGwhHfxpE
3934,jennifer-nettles,Country,www.youtube.com/embed/yh4n9tdS5yo
3938,dolly-parton,Country,www.youtube.com/embed/7-ifWeaSdrc
3940,dolly-parton,Country,www.youtube.com/embed/6Ywoy9IBRM8
3942,dolly-parton,Country,www.youtube.com/embed/cxTIIYU6aSg
3944,dolly-parton,Pop,www.youtube.com/embed/Or_w9VQzmio
3952,erykah-badu,R&amp;B;,http://www.youtube.com/embed/SVWgwCyZ3z4
3954,erykah-badu,R&amp;B;,www.youtube.com/embed/gbDA7cfsjjM
3955,erykah-badu,R&amp;B;,http://www.youtube.com/v/9hVp47f5YZg&amp;hl=ja_JP&amp;fs=1&amp;rel=0
3956,erykah-badu,R&amp;B;,http://www.youtube.com/embed/TFS-ThoW8vM
3957,erykah-badu,R&amp;B;,http://www.youtube.com/embed/SFkHylBiPyQ
3964,keith-urban,Country,https://www.youtube.com/embed/31KOGb1MU4g
3966,keith-urban,Country,www.youtube.com/embed/RPILrZTBedY
3968,keith-urban,Country,www.youtube.com/embed/aJAe5miXN_Y
3972,keith-urban,Country,www.youtube.com/embed/_KlRznM81Jw
3974,keith-urban,Country,http://www.youtube.com/embed/vHi59pMU3H4
3976,keith-urban,Country,www.youtube.com/embed/p3TWpWf798s
3978,keith-urban,Country,www.youtube.com/embed/2JiYPyib5cA
3980,keith-urban,Country,www.youtube.com/embed/lBvTbdQGoV0
3982,keith-urban,Country,www.youtube.com/embed/XXi6N8b2h7s
3984,keith-urban,Country,www.youtube.com/embed/bgCdd0Db_fM
